Ticker,Company,Sector,Price ($),52W High ($),52W Low ($),% From 52W High,1D Return (%),1W Return (%),1M Return (%),3M Return (%),6M Return (%),1Y Return (%),SMA 20,SMA 50,SMA 200,vs SMA50 (%),vs SMA200 (%),MA Signal,RSI (14),RSI Signal,Vol Today (M),Vol Avg 1W (M),Vol Avg 1M (M),Vol Avg 3M (M),Vol Ratio (vs 1M),Market Cap ($B),P/E Ratio,EPS (TTM),EPS Forward,EPS Growth YoY (%),Revenue Growth YoY (%),PEG Ratio,Revenue ($B),Profit Margin (%),Dividend Yield (%),Beta,Value Score,Momentum Score,Composite Score,Rank,Signal
SPY,State Street SPDR S&P 500 ETF T,N/A,773.93,781.62,629.28,-1.0,0.0,0.56,2.38,3.56,14.48,16.22,766.79,765.51,719.16,1.1,7.62,Golden Cross,61.6,Neutral,40.07,39.66,45.78,43.8,0.88,N/A,24.57,N/A,N/A,0.0,0.0,N/A,N/A,0.0,99.0,N/A,38.7,10.0,21.5,10,HOLD / NEUTRAL
AAPL,Apple Inc.,Technology,340.42,345.34,243.42,-1.4,0.0,2.02,4.24,7.38,30.92,32.4,335.17,322.29,290.07,5.63,17.36,Golden Cross,55.1,Neutral,34.46,33.35,39.88,45.37,0.86,4968.15,39.04,8.72,9.59,28.7,16.4,2.67,466.82,27.62,32.0,1.07,54.6,19.0,33.2,8,HOLD / NEUTRAL
META,"Meta Platforms, Inc.",Communication Services,720.89,779.82,520.26,-7.6,0.0,-0.99,11.96,9.86,14.65,0.77,715.49,635.8,628.89,13.38,14.63,Golden Cross,60.8,Neutral,15.89,13.97,21.88,18.72,0.73,1836.47,27.16,26.54,34.55,-13.4,28.0,0.98,228.25,29.83,29.0,1.19,62.7,26.6,41.0,6,HOLD / NEUTRAL
GOOG,Alphabet Inc.,Communication Services,344.86,404.47,236.69,-14.7,0.0,1.33,4.38,-1.59,9.37,40.86,341.83,342.99,337.84,0.55,2.08,Golden Cross,50.4,Neutral,13.94,13.99,17.33,17.91,0.8,4217.62,17.3,19.93,15.07,294.0,24.2,1.23,445.87,54.77,25.0,1.21,85.4,7.7,38.8,7,HOLD / NEUTRAL
MSFT,Microsoft Corporation,Technology,522.61,553.72,349.2,-5.6,0.0,0.98,6.13,33.91,41.49,0.39,508.13,498.49,432.44,4.84,20.85,Golden Cross,70.5,Overbought,19.59,20.38,21.87,27.73,0.9,3880.66,29.11,17.95,23.68,31.7,17.7,1.72,331.84,40.3,74.0,1.1,67.3,45.8,54.4,3,CAUTION – Overbought
NVDA,NVIDIA Corporation,Technology,230.48,243.37,164.27,-5.3,0.0,-1.48,5.55,13.37,22.47,22.17,226.18,221.25,201.6,4.17,14.33,Golden Cross,60.9,Neutral,117.72,112.71,108.88,120.88,1.08,5565.4,29.14,7.91,15.91,127.8,105.9,0.29,302.97,63.66,42.0,2.22,81.7,24.1,47.1,4,HOLD / NEUTRAL
TSM,Taiwan Semiconductor Manufactur,Technology,457.99,487.47,266.82,-6.0,0.0,-3.13,7.29,8.93,24.2,51.99,449.3,430.73,389.26,6.33,17.66,Golden Cross,62.6,Neutral,13.24,9.95,10.01,11.37,1.32,2375.35,33.28,13.76,21.93,77.4,36.0,0.92,4440.49,49.92,80.0,1.24,73.2,23.5,43.4,5,HOLD / NEUTRAL
LLY,Eli Lilly and Company,Healthcare,1169.6,1292.65,783.85,-9.5,0.0,2.34,4.15,-0.9,24.89,39.17,1158.14,1173.11,1073.61,-0.3,8.94,Golden Cross,54.7,Neutral,3.08,2.31,2.28,2.5,1.35,1042.98,39.26,29.79,47.59,26.2,47.7,1.12,79.67,33.53,58.0,0.45,65.1,10.6,32.4,9,HOLD / NEUTRAL
AMD,"Advanced Micro Devices, Inc.",Technology,620.68,658.52,188.22,-5.7,0.0,-2.09,23.25,16.15,153.3,163.49,593.47,526.47,383.35,17.89,61.91,Golden Cross,66.3,Neutral,23.37,19.95,22.09,23.25,1.06,1013.24,158.34,3.92,15.72,159.5,50.1,0.66,41.31,15.58,0.0,2.45,36.4,75.1,59.6,2,HOLD / NEUTRAL
MU,"Micron Technology, Inc.",Technology,1035.84,1255.0,179.61,-17.5,0.0,-3.63,5.98,10.55,146.32,427.55,1035.57,973.1,697.81,6.45,48.44,Golden Cross,53.0,Neutral,29.43,25.53,25.81,32.68,1.14,1169.87,13.94,74.33,206.33,1060.1,379.3,0.16,133.19,63.8,6.0,2.23,93.9,57.1,71.8,1,BULLISH
TSLA,"Tesla, Inc.",Consumer Cyclical,375.0,498.83,297.38,-24.8,0.0,1.19,3.15,-5.01,7.47,-14.52,367.8,353.27,391.13,6.15,-4.12,Death Cross,56.9,Neutral,28.22,35.82,35.12,37.59,0.8,1481.08,347.22,1.08,2.14,-3.0,25.5,4.55,103.62,3.67,0.0,1.92,22.3,0.9,9.5,11,BEARISH
